{"cameraMode":{"drawMode":0,"name":"Shaded","section":"Shading Mode"},"sceneLighting":false,"audioPlay":false,"sceneViewState":{"m_AlwaysRefresh":false,"showFog":true,"showSkybox":false,"showFlares":true,"showImageEffects":true,"showParticleSystems":true,"showVisualEffectGraphs":true,"m_FxEnabled":true},"in2DMode":false,"pivot":{"x":963.1206665039063,"y":581.9288940429688,"z":-121.91251373291016},"rotation":{"x":-0.16944287717342378,"y":-0.02831345424056053,"z":0.004976495634764433,"w":-0.9864295125007629},"size":0.8660253882408142,"orthographic":false}